Adresa Internetové stránky;Datum zveøejnìní údajù IS;Výmaz zveøejnìných údajù IS;Jedineèný identifikátor platebního úètu;Datum zveøejnìní údajù PÚ;Výmaz zveøejnìných údajù PÚ
1xbet.com;26.07.2017;04.01.2023;5990242/0800;26.07.2017;28.04.2021
thelotter.com;15.08.2017;;;;
webmoneycasino.com;27.09.2017;;;;
betworld.com;15.11.2017;;MT80STBA19116000000001031000591;15.11.2017;
bosscasino.eu;27.11.2017;;DE38512308000000056972;27.11.2017;
sportingbull.com;16.01.2018;;CZ42 0800 0000 0000 0251 7492;16.01.2018;28.04.2021
eatsleepbet.com;16.01.2018;;DE38512308000000056972;16.01.2018;
1xbet1.com;15.02.2018;;0000002300703831/2010;15.02.2018;
1xbet2.com;15.02.2018;;;;
1xbet3.com;15.02.2018;;;;
1xbet4.com;15.02.2018;;;;
1xbet5.com;15.02.2018;;;;
1xbet6.com;15.02.2018;;;;
1xbet7.com;15.02.2018;;;;
1xbet9.com;15.02.2018;;;;
1xbet10.com;15.02.2018;;;;
1xbet11.com;15.02.2018;;;;
1xbet12.com;15.02.2018;;;;
1xbet13.com;15.02.2018;;;;
1xbet14.com;15.02.2018;;;;
1xbet15.com;15.02.2018;;;;
1xbet16.com;15.02.2018;;;;
1xbet17.com;15.02.2018;;;;
1xbet18.com;15.02.2018;;;;
1xbet19.com;15.02.2018;;;;
1xbet20.com;15.02.2018;;;;
1xbet21.com;15.02.2018;;;;
1xbet23.com;15.02.2018;;;;
1xbet24.com;15.02.2018;;;;
1xbet25.com;15.02.2018;;;;
1xbet26.com;15.02.2018;;;;
1xbet27.com;15.02.2018;;;;
1xbet28.com;15.02.2018;;;;
1xbet29.com;15.02.2018;;;;
1xbet30.com;15.02.2018;;;;
1xbet31.com;15.02.2018;;;;
1xbet32.com;15.02.2018;;;;
1xbet34.com;15.02.2018;;;;
1xbet35.com;15.02.2018;;;;
1xbet36.com;15.02.2018;;;;
1xbet37.com;15.02.2018;;;;
1xbet38.com;15.02.2018;;;;
1xbet39.com;15.02.2018;;;;
1xbet40.com;15.02.2018;;;;
1xbet41.com;15.02.2018;;;;
1xbet42.com;15.02.2018;;;;
1xbet43.com;15.02.2018;;;;
1xbet45.com;15.02.2018;;;;
1xbet46.com;15.02.2018;;;;
1xbet47.com;15.02.2018;;;;
1xbet48.com;15.02.2018;;;;
1xbet49.com;15.02.2018;;;;
1xbet50.com;15.02.2018;;;;
1xbet51.com;15.02.2018;;;;
1xbet52.com;15.02.2018;;;;
1xbet53.com;15.02.2018;;;;
1xbet54.com;15.02.2018;;;;
1xbet60.com;15.02.2018;;;;
1xbet61.com;15.02.2018;;;;
1xbet62.com;15.02.2018;;;;
1xbet63.com;15.02.2018;;;;
1xbet64.com;15.02.2018;;;;
1xbet65.com;15.02.2018;;;;
1xbet67.com;15.02.2018;;;;
1xbet68.com;15.02.2018;;;;
1xbet69.com;15.02.2018;;;;
1xbet70.com;15.02.2018;;;;
1xbet71.com;15.02.2018;;;;
1xbet72.com;15.02.2018;;;;
1xbet73.com;15.02.2018;;;;
1xbet74.com;15.02.2018;;;;
1xbet75.com;15.02.2018;;;;
1xbet76.com;15.02.2018;;;;
1xbet78.com;15.02.2018;;;;
1xbet79.com;15.02.2018;;;;
1xbet80.com;15.02.2018;;;;
1xbet82.com;15.02.2018;;;;
1xbet84.com;15.02.2018;;;;
1xbet86.com;15.02.2018;;;;
1xbet87.com;15.02.2018;;;;
1xbet90.com;15.02.2018;;;;
1xbet91.com;15.02.2018;;;;
1xbet92.com;15.02.2018;;;;
1xbet94.com;15.02.2018;;;;
1xbet95.com;15.02.2018;;;;
1xbet101.com;15.02.2018;;;;
1xbet102.com;15.02.2018;;;;
1xbet103.com;15.02.2018;;;;
1xbet104.com;15.02.2018;;;;
1xbet105.com;15.02.2018;;;;
1xbet106.com;15.02.2018;;;;
1xbet107.com;15.02.2018;;;;
1xbet108.com;15.02.2018;;;;
1xbet109.com;15.02.2018;;;;
1xbet110.com;15.02.2018;;;;
1-x-bet.com;15.02.2018;;;;
1x-bet.com;15.02.2018;;;;
1xbetbk6.com;15.02.2018;;;;
1XIIV.XYZ;15.02.2018;04.01.2023;;;
1XHOV.XYZ;15.02.2018;;;;
bk-1x-bet.com;15.02.2018;;;;
1xbkbet-1.com;15.02.2018;;;;
1xbet8.com;09.08.2018;;;;
1x-02.com;09.08.2018;;;;
xbet-1.com;09.08.2018;;;;
1xbetbk13.com;09.08.2018;;;;
betworld1.com;04.09.2018;;MT80STBA19116000000001031000591;04.09.2018;
betworld2.com;04.09.2018;;;;
betworld3.com;04.09.2018;;;;
betworld4.com;04.09.2018;;;;
betworld5.com;04.09.2018;;;;
betworld6.com;04.09.2018;;;;
betworld7.com;04.09.2018;;;;
betworld8.com;04.09.2018;;;;
betworld9.com;04.09.2018;;;;
betworld10.com;04.09.2018;;;;
cz.sportingbull174.com;09.11.2018;;;;
lottoevents.com;15.01.2019;;;;
agentlotto.com;15.01.2019;;;;
agentlotto3.ru;15.01.2019;;;;
bet2u.com;31.07.2019;;;;
gunsbet.com;16.10.2020;;;;
playamo.com;16.10.2020;;;;
lokicasino.com;16.10.2020;;;;
slottica.com;16.12.2020;;;;
slottica26.com;16.12.2020;;;;
ph.casino;23.12.2020;;;;
betcruise.com;25.01.2021;04.01.2023;;;
spinamba.com;25.01.2021;;;;
casinoaction.com;25.01.2021;;;;
wildtornado.com;25.01.2021;;;;
wildtornado1.com;25.01.2021;;;;
casinonic.com;04.02.2021;;;;
webbyslot.com;04.02.2021;;;;
webbyslot1.com;04.02.2021;;;;
webbyslot2.com;04.02.2021;;;;
webbyslot3.com;04.02.2021;;;;
webbyslot4.com;04.02.2021;;;;
webbyslot5.com;04.02.2021;;;;
webbyslot6.com;04.02.2021;;;;
webbyslot7.com;04.02.2021;;;;
webbyslot8.com;04.02.2021;;;;
webbyslot9.com;04.02.2021;;;;
webbyslot10.com;04.02.2021;;;;
webbyslot11.com;04.02.2021;;;;
webbyslot12.com;04.02.2021;;;;
webbyslot13.com;04.02.2021;;;;
webbyslot14.com;04.02.2021;;;;
webbyslot15.com;04.02.2021;;;;
webbyslot16.com;04.02.2021;;;;
webbyslot17.com;04.02.2021;;;;
webbyslot18.com;04.02.2021;;;;
webbyslot19.com;04.02.2021;;;;
webbyslot20.com;04.02.2021;;;;
goldenstar-casino.com;04.02.2021;;;;
goldenstar-casino21.com;04.02.2021;;;;
goldenstar-casino22.com;04.02.2021;;;;
goldenstar-casino23.com;04.02.2021;;;;
goldenstar-casino24.com;04.02.2021;;;;
goldenstar-casino25.com;04.02.2021;;;;
goldenstar-casino26.com;04.02.2021;;;;
goldenstar-casino27.com;04.02.2021;;;;
goldenstar-casino28.com;04.02.2021;;;;
goldenstar-casino29.com;04.02.2021;;;;
goldenstar-casino30.com;04.02.2021;;;;
goldenstar-casino31.com;04.02.2021;;;;
goldenstar-casino32.com;04.02.2021;;;;
goldenstar-casino33.com;04.02.2021;;;;
goldenstar-casino34.com;04.02.2021;;;;
goldenstar-casino35.com;04.02.2021;;;;
goldenstar-casino100.com;04.02.2021;;;;
fastpay-casino.com;04.02.2021;;;;
fastpay-casino4.com;04.02.2021;;;;
fastpay-casino5.com;04.02.2021;;;;
fastpay-casino6.com;04.02.2021;;;;
fastpay-casino9.com;04.02.2021;;;;
ilucki.com;04.02.2021;;;;
bitstarz.com;04.02.2021;;;;
bitstarz28.com;04.02.2021;;;;
zenbetting.com;10.03.2021;;;;
cobracasino.com;22.03.2021;;;;
boomerang-casino.com;26.03.2021;;;;
boomerang-casino1.com;26.03.2021;;;;
powercasino.bet;26.03.2021;22.10.2021;;;
favbet.com;28.04.2021;;;;
favbet2.com;28.04.2021;;;;
favbet4.com;28.04.2021;;;;
favbet5.com;28.04.2021;;;;
favbet9.com;28.04.2021;;;;
favbet10.com;28.04.2021;;;;
favbet11.com;28.04.2021;;;;
favbet15.com;28.04.2021;;;;
favbet20.com;28.04.2021;;;;
favbet22.com;28.04.2021;;;;
favbet30.com;28.04.2021;;;;
favbet33.com;28.04.2021;;;;
favbet35.com;28.04.2021;;;;
favbet44.com;28.04.2021;;;;
favbet55.com;28.04.2021;;;;
favbet66.com;28.04.2021;;;;
favbet77.com;28.04.2021;;;;
favbet88.com;28.04.2021;;;;
favbet111.com;28.04.2021;;;;
favbe777.com;28.04.2021;10.06.2021;;;
favbet999.com;28.04.2021;;;;
favbet911.com;28.04.2021;;;;
favbet444.com;28.04.2021;;;;
favbet555.com;28.04.2021;;;;
favbet.org;28.04.2021;;;;
favbet.info;28.04.2021;;;;
gotofav.bet;28.04.2021;;;;
go1fav.bet;28.04.2021;;;;
go2fav.bet;28.04.2021;;;;
go3fav.bet;28.04.2021;;;;
go4fav.bet;28.04.2021;;;;
go5fav.bet;28.04.2021;;;;
go6fav.bet;28.04.2021;;;;
betonfav.bet;28.04.2021;;;;
playdingo.com;21.05.2021;;;;
wazamba.com;21.05.2021;;;;
wazamba100.com;21.05.2021;;;;
wazamba777.com;21.05.2021;;;;
wazamba755.com;21.05.2021;;;;
wazamba855.com;21.05.2021;;;;
cleopatracasino.com;21.05.2021;;;;
winown.com;10.06.2021;;;;
favbet777.com;10.06.2021;;;;
slotum.com;10.06.2021;;;;
winnerzon.com;10.06.2021;;;;
zencasino.com;10.06.2021;;;;
zencasino2.com;10.06.2021;;;;
zencasino3.com;10.06.2021;;;;
zencasino8.com;10.06.2021;;;;
zencasino88.com;10.06.2021;;;;
zencasino888.com;10.06.2021;;;;
spassino.com;23.06.2021;;;;
slottyvegas.com;23.06.2021;;;;
nomini.com;29.06.2021;;;;
nomini2.com;29.06.2021;;;;
nomini3.com;29.06.2021;;;;
nomini4.com;29.06.2021;;;;
nomini5.com;29.06.2021;;;;
nomini6.com;29.06.2021;;;;
nomini7.com;29.06.2021;;;;
nomini8.com;29.06.2021;;;;
nomini9.com;29.06.2021;;;;
22bet.com;29.06.2021;;;;
22bet1.com;29.06.2021;;;;
22bet3.com;29.06.2021;;;;
22bet4.com;29.06.2021;;;;
22bet6.com;29.06.2021;;;;
22bet7.com;29.06.2021;;;;
22bet10.com;29.06.2021;;;;
22bet11.com;29.06.2021;;;;
22bet12.com;29.06.2021;;;;
22bet13.com;29.06.2021;;;;
22bet14.com;29.06.2021;;;;
22bet15.com;29.06.2021;;;;
22bet16.com;29.06.2021;;;;
22bet17.com;29.06.2021;;;;
22bet18.com;29.06.2021;;;;
22bet19.com;29.06.2021;;;;
slottyway.com;29.06.2021;;;;
slottyway1.com;29.06.2021;;;;
slottyway2.com;29.06.2021;;;;
slottyway4.com;29.06.2021;;;;
slottyway5.com;29.06.2021;;;;
kingdomcasino.com;16.07.2021;;;;
burancasino.com;16.07.2021;;;;
burancasino1.com;16.07.2021;;;;
burancasino2.com;16.07.2021;;;;
burancasino3.com;16.07.2021;;;;
burancasino4.com;16.07.2021;;;;
burancasino27.com;16.07.2021;;;;
burancasino77.com;16.07.2021;;;;
burancasino88.com;16.07.2021;;;;
burancasino100.com;16.07.2021;;;;
burancasino855.com;16.07.2021;;;;
burancasino888.com;16.07.2021;;;;
syndicate.casino;16.07.2021;;;;
casinotoken.com;04.08.2021;;;;
getslots.com;04.08.2021;;;;
luckybirdcasino.com;04.08.2021;07.06.2023;;;
luckybirdcasino6.com;04.08.2021;07.06.2023;;;
luckybirdcasino7.com;04.08.2021;07.06.2023;;;
luckybirdcasino8.com;04.08.2021;07.06.2023;;;
luckybirdcasino9.com;04.08.2021;07.06.2023;;;
fortunetowin.com;01.10.2021;;;;
mostbet.com;01.10.2021;;;;
mostbet-cz.com;01.10.2021;;;;
mostbetcz45.com;01.10.2021;;;;
mostbetcz46.com;01.10.2021;;;;
mostbetcz47.com;01.10.2021;;;;
mostbetcze70.com;01.10.2021;;;;
mostbetcze71.com;01.10.2021;;;;
mostbetcze72.com;01.10.2021;;;;
mostbetcz.net;01.10.2021;;;;
mostbetcz.online;01.10.2021;;;;
boaboa.com;22.10.2021;;;;
boaboa1.com;22.10.2021;;;;
boaboa2.com;22.10.2021;;;;
boaboa3.com;22.10.2021;;;;
boaboa4.com;22.10.2021;;;;
boaboa5.com;22.10.2021;;;;
boaboa6.com;22.10.2021;;;;
boaboa7.com;22.10.2021;;;;
boaboa8.com;22.10.2021;;;;
boaboa9.com;22.10.2021;;;;
boaboa10.com;22.10.2021;;;;
boaboa755.com;22.10.2021;;;;
boaboa855.com;22.10.2021;;;;
woocasino.com;24.11.2021;;;;
woocasino1.com;24.11.2021;;;;
woocasino2.com;24.11.2021;;;;
woocasino3.com;24.11.2021;;;;
allrightcasino.com;13.12.2021;;;;
allrightcasino.online;13.12.2021;;;;
allrightcasino6.com;13.12.2021;;;;
allrightcasino7.com;13.12.2021;;;;
allrightcasino11.com;13.12.2021;;;;
allrightcasino15.com;13.12.2021;;;;
1casinoallright.com;13.12.2021;;;;
2casinoallright.com;13.12.2021;;;;
wildtornado.casino;13.12.2021;;;;
wildtornado2.casino;13.12.2021;;;;
wildtornado3.casino;13.12.2021;;;;
wildtornado.vip;13.12.2021;;;;
boomerang-casino2.com;13.12.2021;;;;
boomerang-casino3.com;13.12.2021;;;;
boomerang-casinos.com;13.12.2021;;;;
supercatcasino.com;12.01.2022;;;;
6supercatcasino.com;12.01.2022;;;;
7supercatcasino.com;12.01.2022;;;;
8supercatcasino.com;12.01.2022;;;;
9supercatcasino.com;12.01.2022;;;;
10supercatcasino.com;12.01.2022;;;;
12supercatcasino.com;12.01.2022;;;;
13supercatcasino.com;12.01.2022;;;;
14supercatcasino.com;12.01.2022;;;;
15supercatcasino.com;12.01.2022;;;;
supercatcasino6.com;12.01.2022;;;;
supercatcasino7.com;12.01.2022;;;;
supercatcasino8.com;12.01.2022;;;;
supercatcasino9.com;12.01.2022;;;;
supercatcasino10.com;12.01.2022;;;;
supercatcasino11.com;12.01.2022;;;;
supercatcasino12.com;12.01.2022;;;;
supercatcasino14.com;12.01.2022;;;;
supercatcasino16.com;12.01.2022;;;;
5gringos.com;12.01.2022;;;;
5gringos1.com;12.01.2022;;;;
5gringos2.com;12.01.2022;;;;
20bet.com;12.01.2022;;;;
20bet1.com;12.01.2022;;;;
20bet2.com;12.01.2022;;;;
20bet5.com;12.01.2022;;;;
7signs.com;21.01.2022;;;;
7signs1.com;21.01.2022;;;;
7signs2.com;21.01.2022;;;;
7signs3.com;21.01.2022;;;;
7signs100.com;21.01.2022;;;;
22bet1.net;21.01.2022;;;;
22bet8.net;21.01.2022;;;;
22bet5.com;21.01.2022;;;;
22bets.me;21.01.2022;;;;
nationalcasino.com;21.01.2022;;;;
kajot-casino.com;21.01.2022;;;;
katsubet.com;21.01.2022;;;;
casombie.com;21.01.2022;;;;
casombie1.com;21.01.2022;;;;
casombie3.com;21.01.2022;;;;
casombie100.com;21.01.2022;;;;
tsars.com;21.01.2022;;;;
tsars1.com;21.01.2022;;;;
tsars2.com;21.01.2022;;;;
tsars3.com;21.01.2022;;;;
tsars4.com;21.01.2022;;;;
tsars5.com;21.01.2022;;;;
drakemall.com;16.02.2022;;;;
blackchippoker.eu;16.02.2022;;;;
1slottyway.com;16.02.2022;07.06.2023;;;
2slottyway.com;16.02.2022;07.06.2023;;;
3slottyway.com;16.02.2022;07.06.2023;;;
4slottyway.com;16.02.2022;07.06.2023;;;
5slottyway.com;16.02.2022;07.06.2023;;;
slottyway10.com;16.02.2022;07.06.2023;;;
slottyway11.com;16.02.2022;07.06.2023;;;
slottyway12.com;16.02.2022;07.06.2023;;;
slottyway16.com;16.02.2022;07.06.2023;;;
slottyway777.com;16.02.2022;07.06.2023;;;
8slottyway.com;16.02.2022;07.06.2023;;;
slottywaycasino3.com;16.02.2022;07.06.2023;;;
rabona.com;07.03.2022;;;;
rabona1.com;07.03.2022;;;;
rabona3.com;07.03.2022;;;;
rabona4.com;07.03.2022;;;;
rabona5.com;07.03.2022;;;;
rabona100.com;07.03.2022;;;;
1bet.com;15.03.2022;;;;
zencasino5.com;06.04.2022;;;;
richprize.com;06.04.2022;;;;
richprize3.com;06.04.2022;;;;
richprize.info;06.04.2022;;;;
richprize.bet;06.04.2022;;;;
ninecasino.com;27.04.2022;;;;
ninecasino1.com;27.04.2022;;;;
casinoly.com;27.04.2022;;;;
casinoly1.com;27.04.2022;;;;
casinoly2.com;27.04.2022;;;;
casinoly3.com;27.04.2022;;;;
casinoly100.com;27.04.2022;;;;
supercatcasino77.com;01.06.2022;;;;
powbet.com;01.06.2022;;;;
powbet1.com;01.06.2022;;;;
powbet100.com;01.06.2022;;;;
sportaza.com;01.06.2022;;;;
sportaza1.com;01.06.2022;;;;
sportaza100.com;01.06.2022;;;;
cazimbo.com;13.07.2022;;;;
cazimbo1.com;13.07.2022;;;;
cazimbo2.com;13.07.2022;;;;
cazimbo3.com;13.07.2022;;;;
cazimbo4.com;13.07.2022;;;;
cazimbo100.com;13.07.2022;;;;
excitewin.com;13.07.2022;;;;
excitewin1.com;13.07.2022;;;;
excitewin2.com;13.07.2022;;;;
excitewin3.com;13.07.2022;;;;
excitewin5.com;13.07.2022;;;;
100zencasino.com;20.07.2022;;;;
brunocasino.com;27.07.2022;;;;
wildpharao.com;27.07.2022;;;;
bizzocasino1.com;03.08.2022;;;;
gamdom.com;17.08.2022;;;;
gamdom.eu;17.08.2022;;;;
gamdom.net;17.08.2022;;;;
ditobet.com;17.08.2022;;;;
woocasino4.com;24.08.2022;;;;
11supercatcasino.com;24.08.2022;;;;
dollycasino1.com;24.08.2022;;;;
dollycasino2.com;24.08.2022;;;;
dollycasino3.com;24.08.2022;;;;
dollycasino100.com;24.08.2022;;;;
casinochan.com;31.08.2022;;;;
casinochan1.com;31.08.2022;;;;
casinochan2.com;31.08.2022;;;;
casinochan3.com;31.08.2022;;;;
casinochan4.com;31.08.2022;;;;
neon54.com;07.09.2022;;;;
1neon54.com;07.09.2022;;;;
2neon54.com;07.09.2022;;;;
3neon54.com;07.09.2022;;;;
4neon54.com;07.09.2022;;;;
5neon54.com;07.09.2022;;;;
6neon54.com;07.09.2022;;;;
7neon54.com;07.09.2022;;;;
8neon54.com;07.09.2022;;;;
100neon54.com;07.09.2022;;;;
wildtornado9.casino;07.09.2022;;;;
wildtornado10.casino;07.09.2022;;;;
wildtornado77.casino;07.09.2022;;;;
wildtornado11.casino;07.09.2022;;;;
wildtornado12.casino;07.09.2022;;;;
rabona6.com;07.09.2022;;;;
rabona7.com;07.09.2022;;;;
rabona9.com;07.09.2022;;;;
rabona10.com;07.09.2022;;;;
rabona11.com;07.09.2022;;;;
rabona12.com;07.09.2022;;;;
rabona13.com;07.09.2022;;;;
rabona14.com;07.09.2022;;;;
rabona15.com;07.09.2022;;;;
rabona18.com;07.09.2022;;;;
wazamba3.com;29.09.2022;;;;
wazamba1.com;29.09.2022;;;;
wazamba2.com;29.09.2022;;;;
wazamba5.com;29.09.2022;;;;
wazamba7.com;29.09.2022;;;;
boomerang-casino4.com;12.10.2022;;;;
boomerang-casino5.com;12.10.2022;;;;
boomerang-casino6.com;12.10.2022;;;;
boomerang-casino7.com;12.10.2022;;;;
boomerang-casino8.com;12.10.2022;;;;
boomerang-casino9.com;12.10.2022;;;;
boomerang-casino10.com;12.10.2022;;;;
boomerang-casino11.com;12.10.2022;;;;
boomerang-casino100.com;12.10.2022;;;;
20glob.com;12.10.2022;;;;
5gringos3.com;12.10.2022;;;;
5gringos4.com;12.10.2022;;;;
5gringos5.com;12.10.2022;;;;
5gringos100.com;12.10.2022;;;;
houseofspades.com;12.10.2022;;;;
houseofspades1.com;12.10.2022;;;;
houseofspades2.com;12.10.2022;;;;
houseofspades3.com;12.10.2022;;;;
alfcasino.com;19.10.2022;;;;
alfcasino1.com;19.10.2022;;;;
alfcasino2.com;19.10.2022;;;;
alfcasino5.com;19.10.2022;;;;
alfcasino6.com;19.10.2022;;;;
alfcasino7.com;19.10.2022;;;;
alfcasino8.com;19.10.2022;;;;
alfcasino9.com;19.10.2022;;;;
alfcasino10.com;19.10.2022;;;;
alfcasino11.com;19.10.2022;;;;
alfcasino12.com;19.10.2022;;;;
alfcasino13.com;19.10.2022;;;;
alfcasino14.com;19.10.2022;;;;
alfcasino15.com;19.10.2022;;;;
alfcasino16.com;19.10.2022;;;;
alfcasino77.com;19.10.2022;;;;
alfcasino101.com;19.10.2022;;;;
alfcasino755.com;19.10.2022;;;;
alfcasino855.com;19.10.2022;;;;
vulkanvegas.com;19.10.2022;;;;
vulkanvegas1.com;19.10.2022;;;;
vulkanvegas2.com;19.10.2022;;;;
vulkanvegas3.com;19.10.2022;;;;
vulkanvegas5.com;19.10.2022;;;;
vulkanvegas6.com;19.10.2022;;;;
vulkanvegas7.com;19.10.2022;;;;
vulkanvegas8.com;19.10.2022;;;;
vulkanvegas9.com;19.10.2022;;;;
vulkanvegas10.com;19.10.2022;;;;
icecasino.com;19.10.2022;;;;
11tsars.com;09.11.2022;;;;
22tsars.com;09.11.2022;;;;
33tsars.com;09.11.2022;;;;
44tsars.com;09.11.2022;;;;
55tsars.com;09.11.2022;;;;
100tsars.com;09.11.2022;;;;
101tsars.com;09.11.2022;;;;
102tsars.com;09.11.2022;;;;
103tsars.com;09.11.2022;;;;
104tsars.com;09.11.2022;;;;
105tsars.com;09.11.2022;;;;
106tsars.com;09.11.2022;;;;
107tsars.com;09.11.2022;;;;
200tsars.com;09.11.2022;;;;
300tsars.com;09.11.2022;;;;
nomini11.com;30.11.2022;;;;
nomini12.com;30.11.2022;;;;
nomini14.com;30.11.2022;;;;
nomini15.com;30.11.2022;;;;
nomini16.com;30.11.2022;;;;
nomini17.com;30.11.2022;;;;
nomini18.com;30.11.2022;;;;
nomini100.com;30.11.2022;;;;
nomini101.com;30.11.2022;;;;
7signs5.com;07.12.2022;;;;
7signs6.com;07.12.2022;;;;
7signs7.com;07.12.2022;;;;
7signs8.com;07.12.2022;;;;
7signs9.com;07.12.2022;;;;
7signs10.com;07.12.2022;;;;
7signs11.com;07.12.2022;;;;
7signs12.com;07.12.2022;;;;
7signs101.com;07.12.2022;;;;
casinounlimited.com;11.01.2023;;;;
casinounlimited1.com;11.01.2023;;;;
casinounlimited2.com;11.01.2023;;;;
casinounlimited100.com;11.01.2023;;;;
cadoola.com;11.01.2023;;;;
cadoola2.com;11.01.2023;;;;
cadoola3.com;11.01.2023;;;;
cadoola4.com;11.01.2023;;;;
cadoola5.com;11.01.2023;;;;
cadoola6.com;11.01.2023;;;;
cadoola7.com;11.01.2023;;;;
cadoola8.com;11.01.2023;;;;
cadoola9.com;11.01.2023;;;;
cadoola10.com;11.01.2023;;;;
cadoola12.com;11.01.2023;;;;
cadoola14.com;11.01.2023;;;;
cadoola15.com;11.01.2023;;;;
cadoola16.com;11.01.2023;;;;
cadoola17.com;11.01.2023;;;;
cadoola23.com;11.01.2023;;;;
cadoola855.com;11.01.2023;;;;
casinounlimited5.com;01.02.2023;;;;
10zencasino.com;01.02.2023;;;;
1zencasino.com;01.02.2023;;;;
greatwin.com;01.02.2023;;;;
greatwin1.com;01.02.2023;;;;
greatwin2.com;01.02.2023;;;;
greatwin100.com;01.02.2023;;;;
casinounlimited4.com;16.02.2023;;;;
ice-casino34.com;16.02.2023;;;;
ice-casino71.com;16.02.2023;;;;
ice-casino75.com;16.02.2023;;;;
ice-casino88.com;16.02.2023;;;;
icecasino6.com;16.02.2023;;;;
fezbet.com;16.02.2023;;;;
fezbet1.com;16.02.2023;;;;
fezbet3.com;16.02.2023;;;;
fezbet4.com;16.02.2023;;;;
fezbet5.com;16.02.2023;;;;
fezbet6.com;16.02.2023;;;;
fezbet7.com;16.02.2023;;;;
fezbet8.com;16.02.2023;;;;
fezbet9.com;16.02.2023;;;;
fezbet10.com;16.02.2023;;;;
fezbet11.com;16.02.2023;;;;
fezbet100.com;16.02.2023;;;;
slotspalace1.com;16.02.2023;;;;
slotspalace.com;16.02.2023;;;;
slotspalace3.com;16.02.2023;;;;
slotspalace4.com;16.02.2023;;;;
slotspalace5.com;16.02.2023;;;;
slotspalace6.com;16.02.2023;;;;
slotspalace7.com;16.02.2023;;;;
slotspalace100.com;16.02.2023;;;;
200zencasino.com;16.02.2023;;;;
casinounlimited3.com;22.02.2023;;;;
sportaza2.com;22.02.2023;;;;
sportaza3.com;22.02.2023;;;;
sportaza4.com;22.02.2023;;;;
sportaza5.com;22.02.2023;;;;
sportaza6.com;22.02.2023;;;;
sportaza7.com;22.02.2023;;;;
sportaza8.com;22.02.2023;;;;
sportaza9.com;22.02.2023;;;;
sportaza10.com;22.02.2023;;;;
pelicancasino.games;22.02.2023;;;;
pelicancasino1.games;22.02.2023;;;;
boaboa11.com;08.03.2023;;;;
boaboa12.com;08.03.2023;;;;
boaboa14.com;08.03.2023;;;;
boaboa15.com;08.03.2023;;;;
boaboa16.com;08.03.2023;;;;
boaboa17.com;08.03.2023;;;;
boaboa18.com;08.03.2023;;;;
boaboa19.com;08.03.2023;;;;
boaboa20.com;08.03.2023;;;;
boaboa21.com;08.03.2023;;;;
boaboa77.com;08.03.2023;;;;
zenbetting8.com;08.03.2023;;;;
zenbetting2.com;08.03.2023;;;;
zenbetting3.com;08.03.2023;;;;
zenbetting5.com;08.03.2023;;;;
zenbetting88.com;08.03.2023;;;;
zenbetting888.com;08.03.2023;;;;
fortuneclock.com;08.03.2023;;;;
fortuneclock1.com;08.03.2023;;;;
fortuneclock6.com;08.03.2023;;;;
fortuneclock10.com;08.03.2023;;;;
fortuneclock18.com;08.03.2023;;;;
fortuneclock19.com;08.03.2023;;;;
fortuneclock20.com;08.03.2023;;;;
fortuneclock21.com;08.03.2023;;;;
fortuneclock22.com;08.03.2023;;;;
fortuneclock23.com;08.03.2023;;;;
fortuneclock25.com;08.03.2023;;;;
fortuneclock26.com;08.03.2023;;;;
18fortuneclock.com;08.03.2023;;;;
19fortuneclock.com;08.03.2023;;;;
20fortuneclock.com;08.03.2023;;;;
21fortuneclock.com;08.03.2023;;;;
22fortuneclock.com;08.03.2023;;;;
23fortuneclock.com;08.03.2023;;;;
24fortuneclock.com;08.03.2023;;;;
28fortuneclock.com;08.03.2023;;;;
clockfortune5.com;08.03.2023;;;;
fortuneclock1.online;08.03.2023;;;;
fortuneclock2.online;08.03.2023;;;;
fortuneclock5.online;08.03.2023;;;;
fortuneclock10.online;08.03.2023;;;;
fortuneclock.net;08.03.2023;;;;
fortuneclock9.net;08.03.2023;;;;
1fortuneclock.club;08.03.2023;;;;
2fortuneclock.club;08.03.2023;;;;
ohmyspins.com;22.03.2023;;;;
ohmyspins1.com;22.03.2023;;;;
ohmyspins2.com;22.03.2023;;;;
ohmyspins3.com;22.03.2023;;;;
ohmyspins4.com;22.03.2023;;;;
ohmyspins5.com;22.03.2023;;;;
ohmyspins100.com;22.03.2023;;;;
greatwin6.com;22.03.2023;;;;
bizzocasino3.com;29.03.2023;;;;
bizzocasino4.com;29.03.2023;;;;
bizzocasino5.com;29.03.2023;;;;
nationalcasino.co ;29.03.2023;;;;
megahry.com;29.03.2023;;;;
20beto.com;05.04.2023;;;;
mostbet-bd1.com;12.04.2023;;;;
c5rj6hg54y8omst.com;12.04.2023;;;;
ninecasino2.com;12.04.2023;;;;
ninecasino3.com;12.04.2023;;;;
ninecasino4.com;12.04.2023;;;;
greatwin5.com;19.04.2023;;;;
22betxz.com;19.04.2023;;;;
amunra.com;03.05.2023;;;;
amunra1.com;03.05.2023;;;;
amunra2.com;03.05.2023;;;;
amunra3.com;03.05.2023;;;;
amunra4.com;03.05.2023;;;;
amunra5.com;03.05.2023;;;;
amunra6.com;03.05.2023;;;;
amunra7.com;03.05.2023;;;;
amunra8.com;03.05.2023;;;;
amunra9.com;03.05.2023;;;;
amunra10.com;03.05.2023;;;;
amunra11.com;03.05.2023;;;;
amunra12.com;03.05.2023;;;;
amunra13.com;03.05.2023;;;;
amunra14.com;03.05.2023;;;;
amunra15.com;03.05.2023;;;;
amunra100.com;03.05.2023;;;;
amunra101.com;03.05.2023;;;;
ivibet.com;09.05.2023;;;;
greatwin4.com;24.05.2023;;;;
justbit.io;24.05.2023;;;;
brunocasino1.com;24.05.2023;;;;
brunocasino2.com;24.05.2023;;;;
brunocasino3.com;24.05.2023;;;;
brunocasino4.com;24.05.2023;;;;
hellspin.com;24.05.2023;;;;
hellspin1.com;24.05.2023;;;;
hellspin2.com;24.05.2023;;;;
hellspin3.com;24.05.2023;;;;
hellspin4.com;24.05.2023;;;;
hellspin5.com;24.05.2023;;;;
greatwin3.com;07.06.2023;;;;
